survey_date,clinic_location,provider_name,satisfaction_score,free_text_comment
2023-01-11,Boulder,Dr. Smith,8,Very efficient and friendly service.
2023-01-22,Denver,Dr. Patel,6,"The visit was okay, nothing exceptional."
2023-05-08,Boulder,Dr. Nguyen,9,The treatment really helped me feel better.
2023-01-05,Fort Collins,Dr. Nguyen,7,The process was smooth but impersonal.
2023-03-28,Colorado Springs,Dr. Martinez,10,I had a great experience with my provider.
2023-03-12,Colorado Springs,Dr. Smith,3,I felt rushed during the consultation.
2023-11-17,Denver,Dr. Patel,7,The process was smooth but impersonal.
2023-04-02,Colorado Springs,Dr. Nguyen,2,There was a lack of communication.
2023-07-10,Colorado Springs,Dr. Johnson,8,Very efficient and friendly service.
2023-03-29,Fort Collins,Dr. Patel,10,I had a great experience with my provider.
2023-10-02,Colorado Springs,Dr. Martinez,7,"The visit was okay, nothing exceptional."
2023-05-10,Denver,Dr. Smith,5,Service was fine but not outstanding.
2023-02-05,Denver,Dr. Johnson,1,I had to wait too long for my appointment.
2023-11-07,Colorado Springs,Dr. Patel,6,It was neither good nor bad.
2023-11-29,Boulder,Dr. Patel,4,I had to wait too long for my appointment.
2023-12-13,Colorado Springs,Dr. Nguyen,8,Very efficient and friendly service.
2023-03-08,Denver,Dr. Patel,8,I had a great experience with my provider.
2023-11-30,Denver,Dr. Smith,4,I had to wait too long for my appointment.
2023-12-18,Fort Collins,Dr. Smith,6,Average experience overall.
2023-06-03,Colorado Springs,Dr. Patel,2,There was a lack of communication.
2023-12-17,Colorado Springs,Dr. Nguyen,6,Service was fine but not outstanding.
2023-03-02,Fort Collins,Dr. Johnson,9,Very efficient and friendly service.
2023-08-18,Denver,Dr. Johnson,6,The process was smooth but impersonal.
2023-01-25,Fort Collins,Dr. Nguyen,1,I’m not satisfied with the treatment results.
2023-02-15,Boulder,Dr. Martinez,7,Average experience overall.
2023-05-26,Colorado Springs,Dr. Smith,5,It was neither good nor bad.
2023-09-22,Denver,Dr. Martinez,4,I felt rushed during the consultation.
2023-08-10,Fort Collins,Dr. Nguyen,2,I felt rushed during the consultation.
2023-08-09,Denver,Dr. Martinez,8,The treatment really helped me feel better.
2023-11-26,Boulder,Dr. Nguyen,2,There was a lack of communication.
2023-06-16,Colorado Springs,Dr. Johnson,4,I felt rushed during the consultation.
2023-09-29,Fort Collins,Dr. Johnson,10,Very efficient and friendly service.
2023-06-27,Denver,Dr. Martinez,1,I had to wait too long for my appointment.
2023-03-14,Colorado Springs,Dr. Martinez,1,I felt rushed during the consultation.
2023-07-21,Colorado Springs,Dr. Smith,6,"The visit was okay, nothing exceptional."
2023-03-29,Denver,Dr. Johnson,4,I felt rushed during the consultation.
2023-05-24,Colorado Springs,Dr. Smith,3,I had to wait too long for my appointment.
2023-01-17,Colorado Springs,Dr. Martinez,10,Very efficient and friendly service.
2023-09-17,Fort Collins,Dr. Nguyen,4,There was a lack of communication.
2023-09-24,Colorado Springs,Dr. Johnson,2,I felt rushed during the consultation.
2023-05-24,Fort Collins,Dr. Nguyen,9,Everything was explained clearly and professionally.
2023-05-17,Colorado Springs,Dr. Smith,4,I’m not satisfied with the treatment results.
2023-10-22,Boulder,Dr. Smith,10,I had a great experience with my provider.
2023-01-13,Boulder,Dr. Patel,4,I felt rushed during the consultation.
2023-08-01,Fort Collins,Dr. Johnson,4,I had to wait too long for my appointment.
2023-10-20,Fort Collins,Dr. Johnson,6,The process was smooth but impersonal.
2023-04-19,Boulder,Dr. Smith,3,The staff was not attentive.
2023-03-15,Colorado Springs,Dr. Nguyen,10,Everything was explained clearly and professionally.
2023-05-14,Fort Collins,Dr. Johnson,1,I felt rushed during the consultation.
2023-11-11,Denver,Dr. Smith,5,Service was fine but not outstanding.
2023-08-28,Colorado Springs,Dr. Patel,3,The staff was not attentive.
2023-03-12,Colorado Springs,Dr. Martinez,3,I’m not satisfied with the treatment results.
2023-05-27,Boulder,Dr. Johnson,9,The staff was incredibly kind and helpful.
2023-02-18,Fort Collins,Dr. Martinez,5,It was neither good nor bad.
2023-09-30,Colorado Springs,Dr. Nguyen,3,I’m not satisfied with the treatment results.
2023-07-17,Fort Collins,Dr. Patel,2,There was a lack of communication.
2023-08-18,Fort Collins,Dr. Johnson,1,I felt rushed during the consultation.
2023-06-19,Fort Collins,Dr. Martinez,3,The staff was not attentive.
2023-08-26,Boulder,Dr. Martinez,1,I’m not satisfied with the treatment results.
2023-06-06,Fort Collins,Dr. Smith,6,"The visit was okay, nothing exceptional."
2023-08-21,Boulder,Dr. Martinez,4,There was a lack of communication.
2023-02-17,Denver,Dr. Nguyen,10,Very efficient and friendly service.
2023-05-14,Colorado Springs,Dr. Martinez,6,It was neither good nor bad.
2023-09-09,Colorado Springs,Dr. Nguyen,1,I had to wait too long for my appointment.
2023-03-04,Denver,Dr. Nguyen,3,I felt rushed during the consultation.
2023-12-17,Boulder,Dr. Smith,5,It was neither good nor bad.
2023-01-04,Colorado Springs,Dr. Patel,1,The staff was not attentive.
2023-10-03,Boulder,Dr. Nguyen,3,The staff was not attentive.
2023-07-22,Boulder,Dr. Martinez,7,It was neither good nor bad.
2023-11-22,Boulder,Dr. Martinez,9,The treatment really helped me feel better.
2023-02-22,Denver,Dr. Nguyen,2,The staff was not attentive.
2023-01-10,Denver,Dr. Martinez,2,The staff was not attentive.
2023-10-21,Boulder,Dr. Johnson,8,I had a great experience with my provider.
2023-12-09,Fort Collins,Dr. Smith,8,I had a great experience with my provider.
2023-09-07,Denver,Dr. Martinez,6,"The visit was okay, nothing exceptional."
2023-09-09,Fort Collins,Dr. Smith,9,Everything was explained clearly and professionally.
2023-12-29,Fort Collins,Dr. Nguyen,10,The staff was incredibly kind and helpful.
2023-03-24,Boulder,Dr. Nguyen,2,I’m not satisfied with the treatment results.
2023-07-12,Fort Collins,Dr. Nguyen,8,Very efficient and friendly service.
2023-12-30,Fort Collins,Dr. Smith,9,Very efficient and friendly service.
2023-11-08,Fort Collins,Dr. Martinez,4,I had to wait too long for my appointment.
2023-12-21,Boulder,Dr. Johnson,10,Everything was explained clearly and professionally.
2023-11-01,Boulder,Dr. Smith,1,I’m not satisfied with the treatment results.
2023-11-20,Denver,Dr. Johnson,9,I had a great experience with my provider.
2023-08-26,Denver,Dr. Martinez,5,The process was smooth but impersonal.
2023-09-18,Fort Collins,Dr. Martinez,8,The treatment really helped me feel better.
2023-06-24,Boulder,Dr. Smith,1,The staff was not attentive.
2023-11-22,Boulder,Dr. Patel,1,The staff was not attentive.
2023-08-28,Fort Collins,Dr. Johnson,8,I had a great experience with my provider.
2023-12-08,Denver,Dr. Nguyen,7,The process was smooth but impersonal.
2023-05-12,Boulder,Dr. Johnson,7,Average experience overall.
2023-06-21,Denver,Dr. Martinez,2,There was a lack of communication.
2023-05-05,Fort Collins,Dr. Martinez,8,The staff was incredibly kind and helpful.
2023-02-14,Boulder,Dr. Smith,8,The treatment really helped me feel better.
2023-11-21,Fort Collins,Dr. Patel,2,I felt rushed during the consultation.
2023-08-27,Colorado Springs,Dr. Nguyen,2,The staff was not attentive.
2023-07-04,Fort Collins,Dr. Johnson,6,Service was fine but not outstanding.
2023-09-01,Fort Collins,Dr. Patel,10,Very efficient and friendly service.
2023-07-20,Fort Collins,Dr. Nguyen,3,I felt rushed during the consultation.
2023-01-19,Boulder,Dr. Martinez,2,There was a lack of communication.
2023-05-08,Fort Collins,Dr. Martinez,3,The staff was not attentive.
2023-02-22,Fort Collins,Dr. Smith,5,The process was smooth but impersonal.
2023-11-02,Colorado Springs,Dr. Smith,10,I had a great experience with my provider.
2023-01-28,Boulder,Dr. Johnson,10,Everything was explained clearly and professionally.
2023-02-15,Colorado Springs,Dr. Patel,9,The treatment really helped me feel better.
2023-09-22,Fort Collins,Dr. Patel,6,Average experience overall.
2023-04-21,Boulder,Dr. Nguyen,7,It was neither good nor bad.
2023-09-10,Colorado Springs,Dr. Johnson,10,Very efficient and friendly service.
2023-10-15,Fort Collins,Dr. Smith,9,The treatment really helped me feel better.
2023-04-17,Denver,Dr. Johnson,5,Service was fine but not outstanding.
2023-05-26,Colorado Springs,Dr. Martinez,8,Everything was explained clearly and professionally.
2023-08-04,Boulder,Dr. Smith,9,The treatment really helped me feel better.
2023-09-02,Colorado Springs,Dr. Patel,10,Very efficient and friendly service.
2023-09-24,Colorado Springs,Dr. Smith,7,The process was smooth but impersonal.
2023-02-02,Colorado Springs,Dr. Martinez,2,There was a lack of communication.
2023-05-02,Denver,Dr. Smith,2,The staff was not attentive.
2023-12-11,Boulder,Dr. Patel,9,I had a great experience with my provider.
2023-01-12,Boulder,Dr. Martinez,4,I’m not satisfied with the treatment results.
2023-04-30,Boulder,Dr. Nguyen,7,Average experience overall.
2023-02-02,Fort Collins,Dr. Johnson,8,Everything was explained clearly and professionally.
2023-06-26,Boulder,Dr. Nguyen,4,I had to wait too long for my appointment.
2023-10-10,Boulder,Dr. Martinez,7,Service was fine but not outstanding.
2023-02-17,Denver,Dr. Martinez,6,It was neither good nor bad.
2023-08-25,Fort Collins,Dr. Martinez,8,Very efficient and friendly service.
2023-08-16,Fort Collins,Dr. Patel,7,"The visit was okay, nothing exceptional."
2023-10-01,Colorado Springs,Dr. Martinez,7,The process was smooth but impersonal.
2023-11-30,Fort Collins,Dr. Johnson,2,I had to wait too long for my appointment.
2023-04-02,Fort Collins,Dr. Patel,6,It was neither good nor bad.
2023-07-19,Denver,Dr. Martinez,7,"The visit was okay, nothing exceptional."
2023-03-20,Boulder,Dr. Patel,6,Average experience overall.
2023-04-05,Fort Collins,Dr. Johnson,5,It was neither good nor bad.
2023-11-08,Fort Collins,Dr. Johnson,6,Service was fine but not outstanding.
2023-09-18,Denver,Dr. Patel,3,I’m not satisfied with the treatment results.
2023-08-27,Fort Collins,Dr. Smith,8,I had a great experience with my provider.
2023-05-22,Fort Collins,Dr. Nguyen,2,There was a lack of communication.
2023-01-05,Denver,Dr. Martinez,2,I had to wait too long for my appointment.
2023-10-21,Colorado Springs,Dr. Nguyen,2,The staff was not attentive.
2023-04-25,Colorado Springs,Dr. Johnson,2,There was a lack of communication.
2023-06-16,Fort Collins,Dr. Nguyen,7,It was neither good nor bad.
2023-04-16,Fort Collins,Dr. Smith,2,I had to wait too long for my appointment.
2023-04-01,Boulder,Dr. Nguyen,6,Service was fine but not outstanding.
2023-05-22,Fort Collins,Dr. Nguyen,3,I had to wait too long for my appointment.
2023-02-13,Boulder,Dr. Johnson,9,The treatment really helped me feel better.
2023-05-14,Colorado Springs,Dr. Johnson,1,I’m not satisfied with the treatment results.
2023-03-08,Fort Collins,Dr. Martinez,10,Everything was explained clearly and professionally.
2023-08-18,Fort Collins,Dr. Patel,9,I had a great experience with my provider.
2023-11-12,Denver,Dr. Martinez,9,The treatment really helped me feel better.
2023-04-20,Fort Collins,Dr. Johnson,6,"The visit was okay, nothing exceptional."
2023-06-28,Colorado Springs,Dr. Martinez,2,I felt rushed during the consultation.
2023-01-16,Fort Collins,Dr. Nguyen,7,Average experience overall.
2023-09-21,Boulder,Dr. Nguyen,6,"The visit was okay, nothing exceptional."
2023-12-21,Fort Collins,Dr. Johnson,7,It was neither good nor bad.
2023-06-14,Boulder,Dr. Johnson,1,I had to wait too long for my appointment.
2023-07-10,Denver,Dr. Martinez,5,It was neither good nor bad.
2023-09-15,Fort Collins,Dr. Martinez,10,I had a great experience with my provider.
2023-08-29,Denver,Dr. Nguyen,5,Average experience overall.
2023-01-28,Denver,Dr. Patel,6,"The visit was okay, nothing exceptional."
2023-11-16,Fort Collins,Dr. Patel,2,I felt rushed during the consultation.
2023-07-07,Boulder,Dr. Johnson,10,The treatment really helped me feel better.
2023-05-02,Fort Collins,Dr. Martinez,9,I had a great experience with my provider.
2023-05-30,Boulder,Dr. Patel,4,There was a lack of communication.
2023-12-16,Denver,Dr. Martinez,3,There was a lack of communication.
2023-03-20,Colorado Springs,Dr. Smith,8,Very efficient and friendly service.
2023-01-13,Fort Collins,Dr. Nguyen,4,I had to wait too long for my appointment.
2023-08-12,Colorado Springs,Dr. Martinez,2,I had to wait too long for my appointment.
2023-04-23,Boulder,Dr. Martinez,6,"The visit was okay, nothing exceptional."
2023-05-17,Fort Collins,Dr. Martinez,9,Everything was explained clearly and professionally.
2023-09-15,Colorado Springs,Dr. Patel,6,Average experience overall.
2023-09-23,Colorado Springs,Dr. Martinez,2,The staff was not attentive.
2023-10-30,Fort Collins,Dr. Smith,5,The process was smooth but impersonal.
2023-08-11,Colorado Springs,Dr. Patel,10,Very efficient and friendly service.
2023-12-04,Fort Collins,Dr. Johnson,4,I’m not satisfied with the treatment results.
2023-09-28,Colorado Springs,Dr. Johnson,7,Service was fine but not outstanding.
2023-04-11,Denver,Dr. Nguyen,9,The staff was incredibly kind and helpful.
2023-09-21,Fort Collins,Dr. Smith,10,Everything was explained clearly and professionally.
2023-08-03,Denver,Dr. Martinez,10,I had a great experience with my provider.
2023-08-21,Denver,Dr. Smith,9,Everything was explained clearly and professionally.
2023-09-01,Colorado Springs,Dr. Johnson,1,I had to wait too long for my appointment.
2023-04-08,Boulder,Dr. Martinez,10,The staff was incredibly kind and helpful.
2023-10-27,Denver,Dr. Smith,5,Average experience overall.
2023-09-04,Denver,Dr. Patel,1,There was a lack of communication.
2023-09-03,Denver,Dr. Martinez,3,I’m not satisfied with the treatment results.
2023-11-08,Boulder,Dr. Patel,5,Service was fine but not outstanding.
2023-12-05,Boulder,Dr. Smith,5,"The visit was okay, nothing exceptional."
2023-12-07,Denver,Dr. Martinez,6,"The visit was okay, nothing exceptional."
2023-03-26,Boulder,Dr. Nguyen,6,Service was fine but not outstanding.
2023-08-02,Boulder,Dr. Nguyen,1,I’m not satisfied with the treatment results.
2023-07-20,Boulder,Dr. Johnson,3,I’m not satisfied with the treatment results.
2023-10-10,Fort Collins,Dr. Martinez,3,I had to wait too long for my appointment.
2023-05-07,Denver,Dr. Smith,10,Very efficient and friendly service.
2023-10-25,Boulder,Dr. Nguyen,7,The process was smooth but impersonal.
2023-12-13,Fort Collins,Dr. Johnson,2,The staff was not attentive.
2023-04-13,Colorado Springs,Dr. Martinez,3,The staff was not attentive.
2023-06-26,Colorado Springs,Dr. Nguyen,1,I felt rushed during the consultation.
2023-04-02,Boulder,Dr. Martinez,2,There was a lack of communication.
2023-08-12,Denver,Dr. Johnson,9,The staff was incredibly kind and helpful.
2023-10-04,Boulder,Dr. Smith,4,I’m not satisfied with the treatment results.
2023-01-16,Colorado Springs,Dr. Johnson,7,It was neither good nor bad.
2023-07-21,Denver,Dr. Smith,7,Average experience overall.
2023-02-22,Denver,Dr. Patel,8,Very efficient and friendly service.
2023-12-16,Colorado Springs,Dr. Nguyen,6,Service was fine but not outstanding.
2023-05-14,Fort Collins,Dr. Patel,3,The staff was not attentive.
2023-09-21,Fort Collins,Dr. Smith,6,"The visit was okay, nothing exceptional."
2023-08-12,Boulder,Dr. Martinez,5,The process was smooth but impersonal.
2023-03-02,Denver,Dr. Smith,6,It was neither good nor bad.
2023-05-05,Boulder,Dr. Smith,10,The staff was incredibly kind and helpful.
2023-08-10,Denver,Dr. Martinez,10,Very efficient and friendly service.
2023-11-08,Colorado Springs,Dr. Patel,2,I’m not satisfied with the treatment results.
2023-06-19,Denver,Dr. Nguyen,1,I’m not satisfied with the treatment results.
2023-02-17,Denver,Dr. Smith,3,I’m not satisfied with the treatment results.
2023-10-13,Colorado Springs,Dr. Smith,3,I’m not satisfied with the treatment results.
2023-07-21,Fort Collins,Dr. Nguyen,10,The staff was incredibly kind and helpful.
2023-10-26,Colorado Springs,Dr. Smith,1,There was a lack of communication.
2023-10-15,Denver,Dr. Nguyen,2,There was a lack of communication.
2023-03-05,Colorado Springs,Dr. Nguyen,5,"The visit was okay, nothing exceptional."
2023-07-03,Denver,Dr. Nguyen,8,The treatment really helped me feel better.
2023-05-25,Fort Collins,Dr. Martinez,7,It was neither good nor bad.
2023-07-10,Fort Collins,Dr. Patel,8,Everything was explained clearly and professionally.
2023-05-09,Denver,Dr. Patel,10,The staff was incredibly kind and helpful.
2023-06-13,Fort Collins,Dr. Johnson,8,Everything was explained clearly and professionally.
2023-09-06,Colorado Springs,Dr. Martinez,7,"The visit was okay, nothing exceptional."
2023-03-01,Fort Collins,Dr. Johnson,5,It was neither good nor bad.
2023-09-17,Boulder,Dr. Patel,4,The staff was not attentive.
2023-02-11,Fort Collins,Dr. Patel,9,The staff was incredibly kind and helpful.
2023-04-16,Boulder,Dr. Patel,2,I’m not satisfied with the treatment results.
2023-07-24,Colorado Springs,Dr. Smith,6,It was neither good nor bad.
2023-03-19,Fort Collins,Dr. Johnson,7,Average experience overall.
2023-02-04,Fort Collins,Dr. Martinez,2,I had to wait too long for my appointment.
2023-10-20,Fort Collins,Dr. Johnson,5,It was neither good nor bad.
2023-08-23,Colorado Springs,Dr. Patel,10,Very efficient and friendly service.
2023-06-22,Colorado Springs,Dr. Martinez,8,Everything was explained clearly and professionally.
2023-08-03,Boulder,Dr. Johnson,9,I had a great experience with my provider.
2023-08-24,Denver,Dr. Patel,5,Service was fine but not outstanding.
2023-01-26,Colorado Springs,Dr. Patel,1,There was a lack of communication.
2023-09-19,Fort Collins,Dr. Martinez,4,The staff was not attentive.
2023-11-19,Boulder,Dr. Nguyen,7,Average experience overall.
2023-12-08,Fort Collins,Dr. Martinez,10,The staff was incredibly kind and helpful.
2023-08-12,Fort Collins,Dr. Nguyen,1,There was a lack of communication.
2023-05-11,Colorado Springs,Dr. Smith,1,I had to wait too long for my appointment.
2023-05-29,Denver,Dr. Martinez,4,I felt rushed during the consultation.
2023-04-26,Fort Collins,Dr. Nguyen,5,Average experience overall.
2023-05-25,Colorado Springs,Dr. Johnson,4,I had to wait too long for my appointment.
2023-10-10,Boulder,Dr. Patel,3,The staff was not attentive.
2023-07-23,Fort Collins,Dr. Smith,5,"The visit was okay, nothing exceptional."
2023-05-26,Boulder,Dr. Martinez,5,It was neither good nor bad.
2023-11-29,Colorado Springs,Dr. Nguyen,6,It was neither good nor bad.
2023-04-21,Colorado Springs,Dr. Johnson,2,I’m not satisfied with the treatment results.
2023-07-15,Colorado Springs,Dr. Nguyen,1,There was a lack of communication.
2023-11-30,Colorado Springs,Dr. Martinez,8,Very efficient and friendly service.
2023-07-31,Colorado Springs,Dr. Nguyen,7,Service was fine but not outstanding.
2023-03-20,Denver,Dr. Martinez,3,I felt rushed during the consultation.
2023-10-01,Boulder,Dr. Nguyen,3,I had to wait too long for my appointment.
2023-03-25,Denver,Dr. Patel,7,Average experience overall.
2023-03-06,Boulder,Dr. Martinez,9,Everything was explained clearly and professionally.
2023-08-23,Fort Collins,Dr. Martinez,4,I felt rushed during the consultation.
2023-02-01,Fort Collins,Dr. Smith,9,The staff was incredibly kind and helpful.
2023-02-03,Boulder,Dr. Patel,9,Everything was explained clearly and professionally.
2023-09-18,Fort Collins,Dr. Martinez,6,It was neither good nor bad.
2023-03-18,Fort Collins,Dr. Johnson,2,I had to wait too long for my appointment.
2023-08-02,Fort Collins,Dr. Nguyen,7,It was neither good nor bad.
2023-01-10,Denver,Dr. Johnson,1,There was a lack of communication.
2023-07-29,Denver,Dr. Nguyen,7,Service was fine but not outstanding.
2023-04-01,Colorado Springs,Dr. Nguyen,1,There was a lack of communication.
2023-08-04,Boulder,Dr. Smith,8,The treatment really helped me feel better.
2023-11-24,Fort Collins,Dr. Martinez,2,I felt rushed during the consultation.
2023-12-23,Boulder,Dr. Nguyen,6,Average experience overall.
2023-08-23,Colorado Springs,Dr. Smith,10,The treatment really helped me feel better.
2023-12-18,Colorado Springs,Dr. Johnson,7,Service was fine but not outstanding.
2023-04-29,Fort Collins,Dr. Smith,10,Everything was explained clearly and professionally.
2023-08-28,Colorado Springs,Dr. Johnson,7,The process was smooth but impersonal.
2023-03-25,Fort Collins,Dr. Martinez,7,It was neither good nor bad.
2023-09-19,Colorado Springs,Dr. Nguyen,5,"The visit was okay, nothing exceptional."
2023-06-11,Colorado Springs,Dr. Patel,2,There was a lack of communication.
2023-08-25,Fort Collins,Dr. Johnson,7,"The visit was okay, nothing exceptional."
2023-11-16,Colorado Springs,Dr. Nguyen,1,There was a lack of communication.
2023-01-23,Colorado Springs,Dr. Patel,6,The process was smooth but impersonal.
2023-02-12,Colorado Springs,Dr. Patel,3,The staff was not attentive.
2023-09-27,Boulder,Dr. Johnson,10,Very efficient and friendly service.
2023-06-11,Denver,Dr. Nguyen,8,Everything was explained clearly and professionally.
2023-02-04,Boulder,Dr. Patel,6,It was neither good nor bad.
2023-10-19,Colorado Springs,Dr. Smith,2,I had to wait too long for my appointment.
2023-12-07,Denver,Dr. Smith,7,"The visit was okay, nothing exceptional."
2023-08-11,Boulder,Dr. Nguyen,2,I felt rushed during the consultation.
2023-07-29,Boulder,Dr. Martinez,4,I felt rushed during the consultation.
2023-08-25,Boulder,Dr. Smith,7,It was neither good nor bad.
2023-09-09,Fort Collins,Dr. Johnson,10,The treatment really helped me feel better.
2023-03-18,Colorado Springs,Dr. Nguyen,7,The process was smooth but impersonal.
2023-06-17,Colorado Springs,Dr. Patel,9,The treatment really helped me feel better.
2023-03-24,Denver,Dr. Smith,2,The staff was not attentive.
2023-08-09,Boulder,Dr. Nguyen,7,Service was fine but not outstanding.
2023-10-17,Colorado Springs,Dr. Nguyen,5,It was neither good nor bad.
2023-08-13,Boulder,Dr. Martinez,6,Service was fine but not outstanding.
2023-03-16,Colorado Springs,Dr. Patel,4,I had to wait too long for my appointment.
2023-09-18,Boulder,Dr. Patel,6,It was neither good nor bad.
2023-12-15,Colorado Springs,Dr. Patel,3,I’m not satisfied with the treatment results.
2023-12-08,Denver,Dr. Johnson,2,There was a lack of communication.
2023-11-05,Boulder,Dr. Nguyen,9,Everything was explained clearly and professionally.
2023-03-28,Colorado Springs,Dr. Johnson,2,I had to wait too long for my appointment.
2023-06-24,Denver,Dr. Johnson,9,The staff was incredibly kind and helpful.
2023-07-20,Denver,Dr. Nguyen,9,The treatment really helped me feel better.
2023-07-02,Colorado Springs,Dr. Patel,4,I felt rushed during the consultation.
2023-06-26,Boulder,Dr. Nguyen,6,The process was smooth but impersonal.
2023-06-09,Fort Collins,Dr. Martinez,6,Average experience overall.
2023-06-06,Denver,Dr. Nguyen,3,I had to wait too long for my appointment.
2023-02-23,Denver,Dr. Nguyen,4,The staff was not attentive.
2023-10-08,Colorado Springs,Dr. Smith,2,I’m not satisfied with the treatment results.
2023-12-24,Fort Collins,Dr. Martinez,3,There was a lack of communication.
2023-09-10,Fort Collins,Dr. Smith,5,"The visit was okay, nothing exceptional."
2023-06-17,Fort Collins,Dr. Patel,4,The staff was not attentive.
2023-11-03,Colorado Springs,Dr. Patel,3,I had to wait too long for my appointment.
2023-03-31,Boulder,Dr. Martinez,10,I had a great experience with my provider.
2023-10-06,Denver,Dr. Johnson,3,I felt rushed during the consultation.
2023-08-19,Colorado Springs,Dr. Nguyen,2,I felt rushed during the consultation.
2023-10-26,Fort Collins,Dr. Smith,3,There was a lack of communication.
2023-08-04,Denver,Dr. Martinez,8,Very efficient and friendly service.
2023-07-08,Denver,Dr. Smith,8,The staff was incredibly kind and helpful.
2023-09-18,Fort Collins,Dr. Nguyen,10,Very efficient and friendly service.
2023-08-10,Fort Collins,Dr. Johnson,10,I had a great experience with my provider.
2023-10-02,Denver,Dr. Smith,8,The treatment really helped me feel better.
2023-11-21,Denver,Dr. Martinez,10,Everything was explained clearly and professionally.
2023-08-03,Boulder,Dr. Nguyen,10,Everything was explained clearly and professionally.
2023-05-10,Boulder,Dr. Nguyen,6,Service was fine but not outstanding.
2023-05-06,Colorado Springs,Dr. Johnson,6,"The visit was okay, nothing exceptional."
2023-11-20,Denver,Dr. Martinez,3,I’m not satisfied with the treatment results.
2023-01-01,Boulder,Dr. Nguyen,8,I had a great experience with my provider.
2023-12-26,Denver,Dr. Smith,2,I’m not satisfied with the treatment results.
2023-06-15,Fort Collins,Dr. Patel,8,Everything was explained clearly and professionally.
2023-09-03,Boulder,Dr. Martinez,8,The treatment really helped me feel better.
2023-02-25,Fort Collins,Dr. Smith,5,It was neither good nor bad.
2023-04-30,Fort Collins,Dr. Johnson,5,It was neither good nor bad.
2023-11-11,Fort Collins,Dr. Johnson,10,I had a great experience with my provider.
2023-11-30,Colorado Springs,Dr. Nguyen,1,I had to wait too long for my appointment.
2023-02-06,Fort Collins,Dr. Johnson,6,"The visit was okay, nothing exceptional."
2023-09-26,Colorado Springs,Dr. Patel,9,I had a great experience with my provider.
2023-09-13,Denver,Dr. Smith,2,There was a lack of communication.
2023-03-15,Denver,Dr. Martinez,5,The process was smooth but impersonal.
2023-01-19,Boulder,Dr. Nguyen,8,The treatment really helped me feel better.
2023-01-31,Boulder,Dr. Martinez,8,Very efficient and friendly service.
2023-12-26,Colorado Springs,Dr. Smith,1,I had to wait too long for my appointment.
2023-07-09,Denver,Dr. Patel,1,I felt rushed during the consultation.
2023-11-11,Boulder,Dr. Smith,6,It was neither good nor bad.
2023-03-15,Boulder,Dr. Smith,5,Service was fine but not outstanding.
2023-07-01,Boulder,Dr. Nguyen,2,The staff was not attentive.
2023-09-02,Denver,Dr. Martinez,2,I’m not satisfied with the treatment results.
2023-07-25,Boulder,Dr. Smith,10,Everything was explained clearly and professionally.
2023-03-26,Denver,Dr. Smith,10,The treatment really helped me feel better.
2023-04-15,Fort Collins,Dr. Patel,9,I had a great experience with my provider.
2023-11-14,Fort Collins,Dr. Johnson,7,"The visit was okay, nothing exceptional."
2023-03-19,Fort Collins,Dr. Patel,8,I had a great experience with my provider.
2023-06-10,Colorado Springs,Dr. Martinez,10,The staff was incredibly kind and helpful.
